,count,mean,std,min,25%,50%,75%,max,missing_count,missing_rate
age,41176.0,40.02380027200311,10.420679868942724,17.0,32.0,38.0,47.0,98.0,0,0.0
campaign,41176.0,2.567879347192539,2.7703183363779353,1.0,1.0,2.0,3.0,56.0,0,0.0
pdays,41176.0,962.464809597824,186.9371017219995,0.0,999.0,999.0,999.0,999.0,0,0.0
previous,41176.0,0.17301340586749564,0.4949643813818039,0.0,0.0,0.0,0.0,7.0,0,0.0
emp.var.rate,41176.0,0.08192150767437315,1.5708826145560135,-3.4,-1.8,1.1,1.4,1.4,0,0.0
cons.price.idx,41176.0,93.5757198853701,0.5788389855563888,92.201,93.075,93.749,93.994,94.767,0,0.0
cons.conf.idx,41176.0,-40.502863318437925,4.6278599648907806,-50.8,-42.7,-41.8,-36.4,-26.9,0,0.0
euribor3m,41176.0,3.621293447639401,1.734437003660438,0.634,1.344,4.857,4.961,5.045,0,0.0
nr.employed,41176.0,5167.034869827084,72.2513639747301,4963.6,5099.1,5191.0,5228.1,5228.1,0,0.0
